<?xml version="1.0" encoding="ISO-8859-1"?>
<metadata>
  <exportInfo>
    <exportTime>16/01/2023 09:42:51</exportTime>
    <systemVersion>4.15b225</systemVersion>
    <systemCharSet>ISO-8859-1</systemCharSet>
    <dbMetadata>
      <dbUser>sankhya</dbUser>
      <urlConnection><![CDATA[jdbc:jtds:sqlserver://192.168.35.5:1433;DatabaseName=jiva_teste;useLOBs=false;appName=SANKHYAW]]></urlConnection>
      <jdbcDriver><![CDATA[jTDS Type 4 JDBC Driver for MS SQL Server and Sybase 1.3.1]]></jdbcDriver>
      <DBMS><![CDATA[Microsoft SQL Server - 13.00.1742]]></DBMS>
    </dbMetadata>
  </exportInfo>
  <instances>
    <instance name="AD_SQADRE" isUpdate="false">
      <instanceDescription><![CDATA[DRE Agrupamento]]></instanceDescription>
      <tableInfo name="AD_SQADRE" sequenceType="A" sequenceField="ID">
        <tableDescription><![CDATA[DRE Agrupamento]]></tableDescription>
        <primaryKey>
          <ID />
          <CODNAT />
        </primaryKey>
      </tableInfo>
      <fields>
        <field name="ID" systemField="N" dataType="I" presentationType="P" calculated="N" allowSearch="S" allowDefault="S" visibleOnSearch="S" allowNull="N">
          <description><![CDATA[ID]]></description>
        </field>
        <field name="CODNAT" systemField="N" dataType="I" presentationType="P" calculated="N" allowSearch="S" allowDefault="S" visibleOnSearch="S" allowNull="N" size="10">
          <description><![CDATA[C�d. Natureza]]></description>
        </field>
        <field name="CLASSIFICADOR" systemField="N" dataType="S" presentationType="P" calculated="N" allowSearch="N" allowDefault="S" visibleOnSearch="S" allowNull="S">
          <description><![CDATA[Nome Classificador]]></description>
        </field>
        <field name="ORDEM" systemField="N" dataType="I" presentationType="P" calculated="N" allowSearch="N" allowDefault="S" visibleOnSearch="S" allowNull="S">
          <description><![CDATA[Ordem]]></description>
        </field>
      </fields>
      <relationShip>
        <relation entityName="Natureza" type="I" insert="N" update="N" remove="N">
          <targetInfo systemInstance="S" tableName="TGFNAT" />
          <fields>
            <field localName="CODNAT" targetName="CODNAT" />
          </fields>
        </relation>
      </relationShip>
    </instance>
  </instances>
</metadata>

